"";"Rubrica";"Data";"Valor"
"1";"VI. PRIMÁRIO GOVERNO CENTRAL";1997-01-01;-977,706984810004
"2";"VI. PRIMÁRIO GOVERNO CENTRAL";1997-02-01;647,958422209997
"3";"VI. PRIMÁRIO GOVERNO CENTRAL";1997-03-01;1624,90472783
"4";"VI. PRIMÁRIO GOVERNO CENTRAL";1997-04-01;1524,09848581
"5";"VI. PRIMÁRIO GOVERNO CENTRAL";1997-05-01;190,695422460003
"6";"VI. PRIMÁRIO GOVERNO CENTRAL";1997-06-01;102,562382652901
"7";"VI. PRIMÁRIO GOVERNO CENTRAL";1997-07-01;-107,941711413117
"8";"VI. PRIMÁRIO GOVERNO CENTRAL";1997-08-01;1587,27445010214
"9";"VI. PRIMÁRIO GOVERNO CENTRAL";1997-09-01;-696,499303526796
"10";"VI. PRIMÁRIO GOVERNO CENTRAL";1997-10-01;-769,309462051669
"11";"VI. PRIMÁRIO GOVERNO CENTRAL";1997-11-01;276,339064816124
"12";"VI. PRIMÁRIO GOVERNO CENTRAL";1997-12-01;-1601,62323027617
"13";"VI. PRIMÁRIO GOVERNO CENTRAL";1998-01-01;550,730544720003
"14";"VI. PRIMÁRIO GOVERNO CENTRAL";1998-02-01;279,02226252
"15";"VI. PRIMÁRIO GOVERNO CENTRAL";1998-03-01;2343,79004993
"16";"VI. PRIMÁRIO GOVERNO CENTRAL";1998-04-01;1787,72526838
"17";"VI. PRIMÁRIO GOVERNO CENTRAL";1998-05-01;-57,8960413599962
"18";"VI. PRIMÁRIO GOVERNO CENTRAL";1998-06-01;-1841,99006691
"19";"VI. PRIMÁRIO GOVERNO CENTRAL";1998-07-01;-26,3077765870021
"20";"VI. PRIMÁRIO GOVERNO CENTRAL";1998-08-01;5747,90965161099
"21";"VI. PRIMÁRIO GOVERNO CENTRAL";1998-09-01;-737,753907308996
"22";"VI. PRIMÁRIO GOVERNO CENTRAL";1998-10-01;-1467,473966044
"23";"VI. PRIMÁRIO GOVERNO CENTRAL";1998-11-01;-1158,63360679189
"24";"VI. PRIMÁRIO GOVERNO CENTRAL";1998-12-01;2157,89524375173
"25";"VI. PRIMÁRIO GOVERNO CENTRAL";1999-01-01;759,830524996396
"26";"VI. PRIMÁRIO GOVERNO CENTRAL";1999-02-01;1570,7523050936
"27";"VI. PRIMÁRIO GOVERNO CENTRAL";1999-03-01;4507,08141878857
"28";"VI. PRIMÁRIO GOVERNO CENTRAL";1999-04-01;2509,82143724783
"29";"VI. PRIMÁRIO GOVERNO CENTRAL";1999-05-01;-650,776586910764
"30";"VI. PRIMÁRIO GOVERNO CENTRAL";1999-06-01;3812,8818080624
"31";"VI. PRIMÁRIO GOVERNO CENTRAL";1999-07-01;2157,34058214445
"32";"VI. PRIMÁRIO GOVERNO CENTRAL";1999-08-01;2643,41420401813
"33";"VI. PRIMÁRIO GOVERNO CENTRAL";1999-09-01;3518,04426866575
"34";"VI. PRIMÁRIO GOVERNO CENTRAL";1999-10-01;505,869588409336
"35";"VI. PRIMÁRIO GOVERNO CENTRAL";1999-11-01;785,399243579421
"36";"VI. PRIMÁRIO GOVERNO CENTRAL";1999-12-01;-1955,36575472789
"37";"VI. PRIMÁRIO GOVERNO CENTRAL";2000-01-01;1480,66177900773
"38";"VI. PRIMÁRIO GOVERNO CENTRAL";2000-02-01;1476,3165261393
"39";"VI. PRIMÁRIO GOVERNO CENTRAL";2000-03-01;4014,02718266441
"40";"VI. PRIMÁRIO GOVERNO CENTRAL";2000-04-01;3937,30723457198
"41";"VI. PRIMÁRIO GOVERNO CENTRAL";2000-05-01;2881,95998201169
"42";"VI. PRIMÁRIO GOVERNO CENTRAL";2000-06-01;1641,23667799521
"43";"VI. PRIMÁRIO GOVERNO CENTRAL";2000-07-01;355,866631187338
"44";"VI. PRIMÁRIO GOVERNO CENTRAL";2000-08-01;3271,89211629665
"45";"VI. PRIMÁRIO GOVERNO CENTRAL";2000-09-01;1593,12412291622
"46";"VI. PRIMÁRIO GOVERNO CENTRAL";2000-10-01;1025,15527029293
"47";"VI. PRIMÁRIO GOVERNO CENTRAL";2000-11-01;1290,78160006411
"48";"VI. PRIMÁRIO GOVERNO CENTRAL";2000-12-01;-1986,12501452836
"49";"VI. PRIMÁRIO GOVERNO CENTRAL";2001-01-01;2556,37155074551
"50";"VI. PRIMÁRIO GOVERNO CENTRAL";2001-02-01;569,013945426046
"51";"VI. PRIMÁRIO GOVERNO CENTRAL";2001-03-01;3583,34194949043
"52";"VI. PRIMÁRIO GOVERNO CENTRAL";2001-04-01;6504,38745566792
"53";"VI. PRIMÁRIO GOVERNO CENTRAL";2001-05-01;3498,5087702098
"54";"VI. PRIMÁRIO GOVERNO CENTRAL";2001-06-01;1563,62772118966
"55";"VI. PRIMÁRIO GOVERNO CENTRAL";2001-07-01;1188,70459247823
"56";"VI. PRIMÁRIO GOVERNO CENTRAL";2001-08-01;2389,32334419831
"57";"VI. PRIMÁRIO GOVERNO CENTRAL";2001-09-01;1560,72885139923
"58";"VI. PRIMÁRIO GOVERNO CENTRAL";2001-10-01;2381,04129262247
"59";"VI. PRIMÁRIO GOVERNO CENTRAL";2001-11-01;784,838003766796
"60";"VI. PRIMÁRIO GOVERNO CENTRAL";2001-12-01;-4842,78716760314
"61";"VI. PRIMÁRIO GOVERNO CENTRAL";2002-01-01;6029,75407156182
"62";"VI. PRIMÁRIO GOVERNO CENTRAL";2002-02-01;2525,67665526537
"63";"VI. PRIMÁRIO GOVERNO CENTRAL";2002-03-01;2004,79837890641
"64";"VI. PRIMÁRIO GOVERNO CENTRAL";2002-04-01;5726,21767117307
"65";"VI. PRIMÁRIO GOVERNO CENTRAL";2002-05-01;1831,30690725762
"66";"VI. PRIMÁRIO GOVERNO CENTRAL";2002-06-01;1771,7673608162
"67";"VI. PRIMÁRIO GOVERNO CENTRAL";2002-07-01;1781,325207243
"68";"VI. PRIMÁRIO GOVERNO CENTRAL";2002-08-01;1324,11844404221
"69";"VI. PRIMÁRIO GOVERNO CENTRAL";2002-09-01;6956,27833775957
"70";"VI. PRIMÁRIO GOVERNO CENTRAL";2002-10-01;3797,28013360637
"71";"VI. PRIMÁRIO GOVERNO CENTRAL";2002-11-01;1027,34810180811
"72";"VI. PRIMÁRIO GOVERNO CENTRAL";2002-12-01;-3198,66665032121
"73";"VI. PRIMÁRIO GOVERNO CENTRAL";2003-01-01;7171,33452778502
"74";"VI. PRIMÁRIO GOVERNO CENTRAL";2003-02-01;3833,37378672534
"75";"VI. PRIMÁRIO GOVERNO CENTRAL";2003-03-01;4127,61152205718
"76";"VI. PRIMÁRIO GOVERNO CENTRAL";2003-04-01;9671,71941444763
"77";"VI. PRIMÁRIO GOVERNO CENTRAL";2003-05-01;3724,62867241101
"78";"VI. PRIMÁRIO GOVERNO CENTRAL";2003-06-01;760,391660021516
"79";"VI. PRIMÁRIO GOVERNO CENTRAL";2003-07-01;2807,94345704856
"80";"VI. PRIMÁRIO GOVERNO CENTRAL";2003-08-01;2487,51260232918
"81";"VI. PRIMÁRIO GOVERNO CENTRAL";2003-09-01;3764,07093983
"82";"VI. PRIMÁRIO GOVERNO CENTRAL";2003-10-01;4327,49612599199
"83";"VI. PRIMÁRIO GOVERNO CENTRAL";2003-11-01;2362,06546282999
"84";"VI. PRIMÁRIO GOVERNO CENTRAL";2003-12-01;-5958,099761648
"85";"VI. PRIMÁRIO GOVERNO CENTRAL";2004-01-01;7243,01292870967
"86";"VI. PRIMÁRIO GOVERNO CENTRAL";2004-02-01;4282,98002381546
"87";"VI. PRIMÁRIO GOVERNO CENTRAL";2004-03-01;5744,88271637372
"88";"VI. PRIMÁRIO GOVERNO CENTRAL";2004-04-01;7128,54491028438
"89";"VI. PRIMÁRIO GOVERNO CENTRAL";2004-05-01;3770,9204341331
"90";"VI. PRIMÁRIO GOVERNO CENTRAL";2004-06-01;5660,26752694653
"91";"VI. PRIMÁRIO GOVERNO CENTRAL";2004-07-01;3621,88748553489
"92";"VI. PRIMÁRIO GOVERNO CENTRAL";2004-08-01;3460,14431721089
"93";"VI. PRIMÁRIO GOVERNO CENTRAL";2004-09-01;4705,67526959284
"94";"VI. PRIMÁRIO GOVERNO CENTRAL";2004-10-01;4741,89164744442
"95";"VI. PRIMÁRIO GOVERNO CENTRAL";2004-11-01;1757,12546008804
"96";"VI. PRIMÁRIO GOVERNO CENTRAL";2004-12-01;-2775,90741325438
"97";"VI. PRIMÁRIO GOVERNO CENTRAL";2005-01-01;8377,50619497626
"98";"VI. PRIMÁRIO GOVERNO CENTRAL";2005-02-01;2016,02257059866
"99";"VI. PRIMÁRIO GOVERNO CENTRAL";2005-03-01;6572,91176568838
"100";"VI. PRIMÁRIO GOVERNO CENTRAL";2005-04-01;12712,9816393221
"101";"VI. PRIMÁRIO GOVERNO CENTRAL";2005-05-01;2779,5033835435
"102";"VI. PRIMÁRIO GOVERNO CENTRAL";2005-06-01;5766,1785336516
"103";"VI. PRIMÁRIO GOVERNO CENTRAL";2005-07-01;4757,43984384778
"104";"VI. PRIMÁRIO GOVERNO CENTRAL";2005-08-01;3781,74236079333
"105";"VI. PRIMÁRIO GOVERNO CENTRAL";2005-09-01;2786,87638289722
"106";"VI. PRIMÁRIO GOVERNO CENTRAL";2005-10-01;5853,16616606601
"107";"VI. PRIMÁRIO GOVERNO CENTRAL";2005-11-01;1278,04447981947
"108";"VI. PRIMÁRIO GOVERNO CENTRAL";2005-12-01;-4009,20559248619
"109";"VI. PRIMÁRIO GOVERNO CENTRAL";2006-01-01;4054,97542584264
"110";"VI. PRIMÁRIO GOVERNO CENTRAL";2006-02-01;3607,72890977347
"111";"VI. PRIMÁRIO GOVERNO CENTRAL";2006-03-01;7290,07076728267
"112";"VI. PRIMÁRIO GOVERNO CENTRAL";2006-04-01;14685,5350835749
"113";"VI. PRIMÁRIO GOVERNO CENTRAL";2006-05-01;2662,21569733059
"114";"VI. PRIMÁRIO GOVERNO CENTRAL";2006-06-01;6050,36707015349
"115";"VI. PRIMÁRIO GOVERNO CENTRAL";2006-07-01;3027,12365967407
"116";"VI. PRIMÁRIO GOVERNO CENTRAL";2006-08-01;6271,51028937248
"117";"VI. PRIMÁRIO GOVERNO CENTRAL";2006-09-01;375,391809763649
"118";"VI. PRIMÁRIO GOVERNO CENTRAL";2006-10-01;6850,43122316035
"119";"VI. PRIMÁRIO GOVERNO CENTRAL";2006-11-01;-336,669551606647
"120";"VI. PRIMÁRIO GOVERNO CENTRAL";2006-12-01;-5790,45034406052
"121";"VI. PRIMÁRIO GOVERNO CENTRAL";2007-01-01;11556,2946912823
"122";"VI. PRIMÁRIO GOVERNO CENTRAL";2007-02-01;3499,4974919453
"123";"VI. PRIMÁRIO GOVERNO CENTRAL";2007-03-01;3864,3858666478
"124";"VI. PRIMÁRIO GOVERNO CENTRAL";2007-04-01;14095,0640074833
"125";"VI. PRIMÁRIO GOVERNO CENTRAL";2007-05-01;4242,11654230022
"126";"VI. PRIMÁRIO GOVERNO CENTRAL";2007-06-01;5198,43013614358
"127";"VI. PRIMÁRIO GOVERNO CENTRAL";2007-07-01;5162,65390085719
"128";"VI. PRIMÁRIO GOVERNO CENTRAL";2007-08-01;3663,51739290993
"129";"VI. PRIMÁRIO GOVERNO CENTRAL";2007-09-01;38,7076929578398
"130";"VI. PRIMÁRIO GOVERNO CENTRAL";2007-10-01;9877,98721833998
"131";"VI. PRIMÁRIO GOVERNO CENTRAL";2007-11-01;4504,14609072424
"132";"VI. PRIMÁRIO GOVERNO CENTRAL";2007-12-01;-8052,41216439066
"133";"VI. PRIMÁRIO GOVERNO CENTRAL";2008-01-01;15362,5088696594
"134";"VI. PRIMÁRIO GOVERNO CENTRAL";2008-02-01;5217,30417961803
"135";"VI. PRIMÁRIO GOVERNO CENTRAL";2008-03-01;10606,7307051645
"136";"VI. PRIMÁRIO GOVERNO CENTRAL";2008-04-01;16720,6692029672
"137";"VI. PRIMÁRIO GOVERNO CENTRAL";2008-05-01;5550,47047611449
"138";"VI. PRIMÁRIO GOVERNO CENTRAL";2008-06-01;7920,69931064887
"139";"VI. PRIMÁRIO GOVERNO CENTRAL";2008-07-01;7204,56947432254
"140";"VI. PRIMÁRIO GOVERNO CENTRAL";2008-08-01;6267,57396188758
"141";"VI. PRIMÁRIO GOVERNO CENTRAL";2008-09-01;6134,05185842176
"142";"VI. PRIMÁRIO GOVERNO CENTRAL";2008-10-01;14867,3005366963
"143";"VI. PRIMÁRIO GOVERNO CENTRAL";2008-11-01;-4419,04219246784
"144";"VI. PRIMÁRIO GOVERNO CENTRAL";2008-12-01;-19994,4472421826
"145";"VI. PRIMÁRIO GOVERNO CENTRAL";2009-01-01;3977,84476392547
"146";"VI. PRIMÁRIO GOVERNO CENTRAL";2009-02-01;-1111,32370913655
"147";"VI. PRIMÁRIO GOVERNO CENTRAL";2009-03-01;6626,51138606225
"148";"VI. PRIMÁRIO GOVERNO CENTRAL";2009-04-01;10031,4013372631
"149";"VI. PRIMÁRIO GOVERNO CENTRAL";2009-05-01;-366,909767039921
"150";"VI. PRIMÁRIO GOVERNO CENTRAL";2009-06-01;-618,151185589028
"151";"VI. PRIMÁRIO GOVERNO CENTRAL";2009-07-01;1509,63989895475
"152";"VI. PRIMÁRIO GOVERNO CENTRAL";2009-08-01;3382,71378806092
"153";"VI. PRIMÁRIO GOVERNO CENTRAL";2009-09-01;-7813,68980439106
"154";"VI. PRIMÁRIO GOVERNO CENTRAL";2009-10-01;11234,8637226404
"155";"VI. PRIMÁRIO GOVERNO CENTRAL";2009-11-01;10662,8055441589
"156";"VI. PRIMÁRIO GOVERNO CENTRAL";2009-12-01;1920,71288820565
"157";"VI. PRIMÁRIO GOVERNO CENTRAL";2010-01-01;13808,8557326494
"158";"VI. PRIMÁRIO GOVERNO CENTRAL";2010-02-01;-1181,17123928529
"159";"VI. PRIMÁRIO GOVERNO CENTRAL";2010-03-01;-4565,6479117241
"160";"VI. PRIMÁRIO GOVERNO CENTRAL";2010-04-01;16480,5632394119
"161";"VI. PRIMÁRIO GOVERNO CENTRAL";2010-05-01;-582,486463833418
"162";"VI. PRIMÁRIO GOVERNO CENTRAL";2010-06-01;614,355161158084
"163";"VI. PRIMÁRIO GOVERNO CENTRAL";2010-07-01;725,987457327697
"164";"VI. PRIMÁRIO GOVERNO CENTRAL";2010-08-01;3863,1472020786
"165";"VI. PRIMÁRIO GOVERNO CENTRAL";2010-09-01;25946,0525048037
"166";"VI. PRIMÁRIO GOVERNO CENTRAL";2010-10-01;7717,68957962496
"167";"VI. PRIMÁRIO GOVERNO CENTRAL";2010-11-01;884,91975508623
"168";"VI. PRIMÁRIO GOVERNO CENTRAL";2010-12-01;14178,9039242517
"169";"VI. PRIMÁRIO GOVERNO CENTRAL";2011-01-01;14073,7459254206
"170";"VI. PRIMÁRIO GOVERNO CENTRAL";2011-02-01;2527,49841130507
"171";"VI. PRIMÁRIO GOVERNO CENTRAL";2011-03-01;8887,99275176969
"172";"VI. PRIMÁRIO GOVERNO CENTRAL";2011-04-01;15491,3889048541
"173";"VI. PRIMÁRIO GOVERNO CENTRAL";2011-05-01;4042,52939164351
"174";"VI. PRIMÁRIO GOVERNO CENTRAL";2011-06-01;10407,6224157005
"175";"VI. PRIMÁRIO GOVERNO CENTRAL";2011-07-01;11103,1335642651
"176";"VI. PRIMÁRIO GOVERNO CENTRAL";2011-08-01;2537,34180482105
"177";"VI. PRIMÁRIO GOVERNO CENTRAL";2011-09-01;5300,64436753243
"178";"VI. PRIMÁRIO GOVERNO CENTRAL";2011-10-01;11406,0886648812
"179";"VI. PRIMÁRIO GOVERNO CENTRAL";2011-11-01;4629,68847103982
"180";"VI. PRIMÁRIO GOVERNO CENTRAL";2011-12-01;1483,35618754715
"181";"VI. PRIMÁRIO GOVERNO CENTRAL";2012-01-01;20621,8918613185
"182";"VI. PRIMÁRIO GOVERNO CENTRAL";2012-02-01;5372,98705368699
"183";"VI. PRIMÁRIO GOVERNO CENTRAL";2012-03-01;7407,74014656153
"184";"VI. PRIMÁRIO GOVERNO CENTRAL";2012-04-01;10840,6324315782
"185";"VI. PRIMÁRIO GOVERNO CENTRAL";2012-05-01;1475,62337572164
"186";"VI. PRIMÁRIO GOVERNO CENTRAL";2012-06-01;695,430145251041
"187";"VI. PRIMÁRIO GOVERNO CENTRAL";2012-07-01;3769,82620426622
"188";"VI. PRIMÁRIO GOVERNO CENTRAL";2012-08-01;1385,29492482505
"189";"VI. PRIMÁRIO GOVERNO CENTRAL";2012-09-01;1067,88942706672
"190";"VI. PRIMÁRIO GOVERNO CENTRAL";2012-10-01;9420,63774481822
"191";"VI. PRIMÁRIO GOVERNO CENTRAL";2012-11-01;-4802,69543332729
"192";"VI. PRIMÁRIO GOVERNO CENTRAL";2012-12-01;27732,7083662327
"193";"VI. PRIMÁRIO GOVERNO CENTRAL";2013-01-01;26122,8705707054
"194";"VI. PRIMÁRIO GOVERNO CENTRAL";2013-02-01;-6684,38337763189
"195";"VI. PRIMÁRIO GOVERNO CENTRAL";2013-03-01;-420,115418989313
"196";"VI. PRIMÁRIO GOVERNO CENTRAL";2013-04-01;6691,77012937299
"197";"VI. PRIMÁRIO GOVERNO CENTRAL";2013-05-01;5557,68378112937
"198";"VI. PRIMÁRIO GOVERNO CENTRAL";2013-06-01;813,920654868285
"199";"VI. PRIMÁRIO GOVERNO CENTRAL";2013-07-01;3417,93135043798
"200";"VI. PRIMÁRIO GOVERNO CENTRAL";2013-08-01;-335,342246430402
"201";"VI. PRIMÁRIO GOVERNO CENTRAL";2013-09-01;-10680,5472513566
"202";"VI. PRIMÁRIO GOVERNO CENTRAL";2013-10-01;4928,40382179756
"203";"VI. PRIMÁRIO GOVERNO CENTRAL";2013-11-01;28349,6714117782
"204";"VI. PRIMÁRIO GOVERNO CENTRAL";2013-12-01;14397,2814860616
"205";"VI. PRIMÁRIO GOVERNO CENTRAL";2014-01-01;12240,0647020935
"206";"VI. PRIMÁRIO GOVERNO CENTRAL";2014-02-01;-3314,64995070649
"207";"VI. PRIMÁRIO GOVERNO CENTRAL";2014-03-01;2924,22152974558
"208";"VI. PRIMÁRIO GOVERNO CENTRAL";2014-04-01;16157,9311741545
"209";"VI. PRIMÁRIO GOVERNO CENTRAL";2014-05-01;-11481,7520913022
"210";"VI. PRIMÁRIO GOVERNO CENTRAL";2014-06-01;-2682,00601539145
"211";"VI. PRIMÁRIO GOVERNO CENTRAL";2014-07-01;-2623,69364039417
"212";"VI. PRIMÁRIO GOVERNO CENTRAL";2014-08-01;-10647,3231850103
"213";"VI. PRIMÁRIO GOVERNO CENTRAL";2014-09-01;-20838,316645857
"214";"VI. PRIMÁRIO GOVERNO CENTRAL";2014-10-01;3021,41250870073
"215";"VI. PRIMÁRIO GOVERNO CENTRAL";2014-11-01;-7191,71289896168
"216";"VI. PRIMÁRIO GOVERNO CENTRAL";2014-12-01;953,421100388543
"217";"VI. PRIMÁRIO GOVERNO CENTRAL";2015-01-01;9988,30694740947
"218";"VI. PRIMÁRIO GOVERNO CENTRAL";2015-02-01;-7429,4832268436
"219";"VI. PRIMÁRIO GOVERNO CENTRAL";2015-03-01;1120,05736246459
"220";"VI. PRIMÁRIO GOVERNO CENTRAL";2015-04-01;9902,30739113184
"221";"VI. PRIMÁRIO GOVERNO CENTRAL";2015-05-01;-8553,73466281372
"222";"VI. PRIMÁRIO GOVERNO CENTRAL";2015-06-01;-8940,51930400443
"223";"VI. PRIMÁRIO GOVERNO CENTRAL";2015-07-01;-7762,38895226688
"224";"VI. PRIMÁRIO GOVERNO CENTRAL";2015-08-01;-5706,32123695906
"225";"VI. PRIMÁRIO GOVERNO CENTRAL";2015-09-01;-7182,42630843389
"226";"VI. PRIMÁRIO GOVERNO CENTRAL";2015-10-01;-13189,8170917316
"227";"VI. PRIMÁRIO GOVERNO CENTRAL";2015-11-01;-21280,609535273
"228";"VI. PRIMÁRIO GOVERNO CENTRAL";2015-12-01;-61467,5979106113
"229";"VI. PRIMÁRIO GOVERNO CENTRAL";2016-01-01;14688,7535275655
"230";"VI. PRIMÁRIO GOVERNO CENTRAL";2016-02-01;-25411,725271892
"231";"VI. PRIMÁRIO GOVERNO CENTRAL";2016-03-01;-7829,61932666562
"232";"VI. PRIMÁRIO GOVERNO CENTRAL";2016-04-01;8816,98929502095
"233";"VI. PRIMÁRIO GOVERNO CENTRAL";2016-05-01;-16987,0949771063
"234";"VI. PRIMÁRIO GOVERNO CENTRAL";2016-06-01;-9743,59050602884
"235";"VI. PRIMÁRIO GOVERNO CENTRAL";2016-07-01;-19226,5389969163
"236";"VI. PRIMÁRIO GOVERNO CENTRAL";2016-08-01;-20302,2987514067
"237";"VI. PRIMÁRIO GOVERNO CENTRAL";2016-09-01;-25239,1037364424
"238";"VI. PRIMÁRIO GOVERNO CENTRAL";2016-10-01;40872,113529227
"239";"VI. PRIMÁRIO GOVERNO CENTRAL";2016-11-01;-38466,7309686777
"240";"VI. PRIMÁRIO GOVERNO CENTRAL";2016-12-01;-62446,7787326167
"241";"VI. PRIMÁRIO GOVERNO CENTRAL";2017-01-01;18004,7026460974
"242";"VI. PRIMÁRIO GOVERNO CENTRAL";2017-02-01;-26336,411424983
"243";"VI. PRIMÁRIO GOVERNO CENTRAL";2017-03-01;-11231,4013340516
"244";"VI. PRIMÁRIO GOVERNO CENTRAL";2017-04-01;12315,8745859765
"245";"VI. PRIMÁRIO GOVERNO CENTRAL";2017-05-01;-29387,3333298751
"246";"VI. PRIMÁRIO GOVERNO CENTRAL";2017-06-01;-19844,189688173
"247";"VI. PRIMÁRIO GOVERNO CENTRAL";2017-07-01;-20154,5044283549
"248";"VI. PRIMÁRIO GOVERNO CENTRAL";2017-08-01;-10110,9697648926
"249";"VI. PRIMÁRIO GOVERNO CENTRAL";2017-09-01;-22822,0532682379
"250";"VI. PRIMÁRIO GOVERNO CENTRAL";2017-10-01;5073,27075588155
"251";"VI. PRIMÁRIO GOVERNO CENTRAL";2017-11-01;1260,57581285523
"252";"VI. PRIMÁRIO GOVERNO CENTRAL";2017-12-01;-21029,0471969041
"253";"VI. PRIMÁRIO GOVERNO CENTRAL";2018-01-01;30841,864703146
"254";"VI. PRIMÁRIO GOVERNO CENTRAL";2018-02-01;-19218,9319637039
"255";"VI. PRIMÁRIO GOVERNO CENTRAL";2018-03-01;-24496,1466845889
"256";"VI. PRIMÁRIO GOVERNO CENTRAL";2018-04-01;8683,78686513037
"257";"VI. PRIMÁRIO GOVERNO CENTRAL";2018-05-01;-11027,0204087846
"258";"VI. PRIMÁRIO GOVERNO CENTRAL";2018-06-01;-16380,1629886147
"259";"VI. PRIMÁRIO GOVERNO CENTRAL";2018-07-01;-7488,27910514759
"260";"VI. PRIMÁRIO GOVERNO CENTRAL";2018-08-01;-19662,9339867329
"261";"VI. PRIMÁRIO GOVERNO CENTRAL";2018-09-01;-23026,0661714192
"262";"VI. PRIMÁRIO GOVERNO CENTRAL";2018-10-01;9450,57307425003
"263";"III. RECEITA LÍQUIDA  (I-II)";1997-01-01;9789,20694150867
"264";"III. RECEITA LÍQUIDA  (I-II)";1997-02-01;9664,37859775066
"265";"III. RECEITA LÍQUIDA  (I-II)";1997-03-01;11298,622444592
"266";"III. RECEITA LÍQUIDA  (I-II)";1997-04-01;11223,9630878647
"267";"III. RECEITA LÍQUIDA  (I-II)";1997-05-01;10304,6217210467
"268";"III. RECEITA LÍQUIDA  (I-II)";1997-06-01;10136,0960147126
"269";"III. RECEITA LÍQUIDA  (I-II)";1997-07-01;11417,3548424395
"270";"III. RECEITA LÍQUIDA  (I-II)";1997-08-01;11496,6207860218
"271";"III. RECEITA LÍQUIDA  (I-II)";1997-09-01;10813,3894738679
"272";"III. RECEITA LÍQUIDA  (I-II)";1997-10-01;11502,864994789
"273";"III. RECEITA LÍQUIDA  (I-II)";1997-11-01;10782,7371112635
"274";"III. RECEITA LÍQUIDA  (I-II)";1997-12-01;16338,8977698918
"275";"III. RECEITA LÍQUIDA  (I-II)";1998-01-01;12678,146536906
"276";"III. RECEITA LÍQUIDA  (I-II)";1998-02-01;11366,9848530287
"277";"III. RECEITA LÍQUIDA  (I-II)";1998-03-01;15103,527161118
"278";"III. RECEITA LÍQUIDA  (I-II)";1998-04-01;13121,3755281533
"279";"III. RECEITA LÍQUIDA  (I-II)";1998-05-01;11113,731786266
"280";"III. RECEITA LÍQUIDA  (I-II)";1998-06-01;10674,8407035513
"281";"III. RECEITA LÍQUIDA  (I-II)";1998-07-01;11742,199890249
"282";"III. RECEITA LÍQUIDA  (I-II)";1998-08-01;18014,0063335677
"283";"III. RECEITA LÍQUIDA  (I-II)";1998-09-01;11142,0293714577
"284";"III. RECEITA LÍQUIDA  (I-II)";1998-10-01;11114,474172145
"285";"III. RECEITA LÍQUIDA  (I-II)";1998-11-01;12457,895297231
"286";"III. RECEITA LÍQUIDA  (I-II)";1998-12-01;17830,6845636187
"287";"III. RECEITA LÍQUIDA  (I-II)";1999-01-01;12131,8541716464
"288";"III. RECEITA LÍQUIDA  (I-II)";1999-02-01;13408,2413896536
"289";"III. RECEITA LÍQUIDA  (I-II)";1999-03-01;16807,2643861286
"290";"III. RECEITA LÍQUIDA  (I-II)";1999-04-01;13696,0894939478
"291";"III. RECEITA LÍQUIDA  (I-II)";1999-05-01;11670,3562701092
"292";"III. RECEITA LÍQUIDA  (I-II)";1999-06-01;15728,8702358224
"293";"III. RECEITA LÍQUIDA  (I-II)";1999-07-01;15883,6370581445
"294";"III. RECEITA LÍQUIDA  (I-II)";1999-08-01;15290,5879437281
"295";"III. RECEITA LÍQUIDA  (I-II)";1999-09-01;15801,6969408157
"296";"III. RECEITA LÍQUIDA  (I-II)";1999-10-01;13798,4952193993
"297";"III. RECEITA LÍQUIDA  (I-II)";1999-11-01;14504,5725891594
"298";"III. RECEITA LÍQUIDA  (I-II)";1999-12-01;20122,4367411521
"299";"III. RECEITA LÍQUIDA  (I-II)";2000-01-01;15244,2940120977
"300";"III. RECEITA LÍQUIDA  (I-II)";2000-02-01;14092,5046750393
"301";"III. RECEITA LÍQUIDA  (I-II)";2000-03-01;16872,2673864544
"302";"III. RECEITA LÍQUIDA  (I-II)";2000-04-01;15837,031618042
"303";"III. RECEITA LÍQUIDA  (I-II)";2000-05-01;15976,6216721817
"304";"III. RECEITA LÍQUIDA  (I-II)";2000-06-01;15504,2224248852
"305";"III. RECEITA LÍQUIDA  (I-II)";2000-07-01;15558,3144252673
"306";"III. RECEITA LÍQUIDA  (I-II)";2000-08-01;17880,9918667967
"307";"III. RECEITA LÍQUIDA  (I-II)";2000-09-01;15891,1384830762
"308";"III. RECEITA LÍQUIDA  (I-II)";2000-10-01;17026,8834496929
"309";"III. RECEITA LÍQUIDA  (I-II)";2000-11-01;16536,0500046341
"310";"III. RECEITA LÍQUIDA  (I-II)";2000-12-01;21933,9465988816
"311";"III. RECEITA LÍQUIDA  (I-II)";2001-01-01;18388,3331989355
"312";"III. RECEITA LÍQUIDA  (I-II)";2001-02-01;14778,604095316
"313";"III. RECEITA LÍQUIDA  (I-II)";2001-03-01;18454,4898946804
"314";"III. RECEITA LÍQUIDA  (I-II)";2001-04-01;21069,9348331979
"315";"III. RECEITA LÍQUIDA  (I-II)";2001-05-01;19281,5589282198
"316";"III. RECEITA LÍQUIDA  (I-II)";2001-06-01;17316,6640423797
"317";"III. RECEITA LÍQUIDA  (I-II)";2001-07-01;18605,3069497182
"318";"III. RECEITA LÍQUIDA  (I-II)";2001-08-01;19091,0622277283
"319";"III. RECEITA LÍQUIDA  (I-II)";2001-09-01;17482,0171581692
"320";"III. RECEITA LÍQUIDA  (I-II)";2001-10-01;20107,1814093403
"321";"III. RECEITA LÍQUIDA  (I-II)";2001-11-01;18187,0379689768
"322";"III. RECEITA LÍQUIDA  (I-II)";2001-12-01;24618,0890685469
"323";"III. RECEITA LÍQUIDA  (I-II)";2002-01-01;24480,0766819618
"324";"III. RECEITA LÍQUIDA  (I-II)";2002-02-01;18869,6192864954
"325";"III. RECEITA LÍQUIDA  (I-II)";2002-03-01;19302,7690045664
"326";"III. RECEITA LÍQUIDA  (I-II)";2002-04-01;22681,1347556631
"327";"III. RECEITA LÍQUIDA  (I-II)";2002-05-01;19736,0558312676
"328";"III. RECEITA LÍQUIDA  (I-II)";2002-06-01;18929,0044076762
"329";"III. RECEITA LÍQUIDA  (I-II)";2002-07-01;23150,182103353
"330";"III. RECEITA LÍQUIDA  (I-II)";2002-08-01;20106,0000824252
"331";"III. RECEITA LÍQUIDA  (I-II)";2002-09-01;24846,3198332666
"332";"III. RECEITA LÍQUIDA  (I-II)";2002-10-01;24846,8365574104
"333";"III. RECEITA LÍQUIDA  (I-II)";2002-11-01;21685,0980128181
"334";"III. RECEITA LÍQUIDA  (I-II)";2002-12-01;29405,1754911088
"335";"III. RECEITA LÍQUIDA  (I-II)";2003-01-01;27170,1259918034
"336";"III. RECEITA LÍQUIDA  (I-II)";2003-02-01;21997,9475763453
"337";"III. RECEITA LÍQUIDA  (I-II)";2003-03-01;21584,1325245072
"338";"III. RECEITA LÍQUIDA  (I-II)";2003-04-01;27666,6569120676
"339";"III. RECEITA LÍQUIDA  (I-II)";2003-05-01;22941,453540851
"340";"III. RECEITA LÍQUIDA  (I-II)";2003-06-01;20973,6382044115
"341";"III. RECEITA LÍQUIDA  (I-II)";2003-07-01;25722,4424421186
"342";"III. RECEITA LÍQUIDA  (I-II)";2003-08-01;23249,9336263792
"343";"III. RECEITA LÍQUIDA  (I-II)";2003-09-01;23930,49512842
"344";"III. RECEITA LÍQUIDA  (I-II)";2003-10-01;27398,722468332
"345";"III. RECEITA LÍQUIDA  (I-II)";2003-11-01;24439,29824162
"346";"III. RECEITA LÍQUIDA  (I-II)";2003-12-01;32127,597526452
"347";"III. RECEITA LÍQUIDA  (I-II)";2004-01-01;29362,5568000897
"348";"III. RECEITA LÍQUIDA  (I-II)";2004-02-01;25384,7906182655
"349";"III. RECEITA LÍQUIDA  (I-II)";2004-03-01;28156,6459230437
"350";"III. RECEITA LÍQUIDA  (I-II)";2004-04-01;29614,2844675244
"351";"III. RECEITA LÍQUIDA  (I-II)";2004-05-01;26329,5289930731
"352";"III. RECEITA LÍQUIDA  (I-II)";2004-06-01;29415,9742690965
"353";"III. RECEITA LÍQUIDA  (I-II)";2004-07-01;30261,8741031749
"354";"III. RECEITA LÍQUIDA  (I-II)";2004-08-01;27704,7204882209
"355";"III. RECEITA LÍQUIDA  (I-II)";2004-09-01;29545,1195626328
"356";"III. RECEITA LÍQUIDA  (I-II)";2004-10-01;30352,2590585744
"357";"III. RECEITA LÍQUIDA  (I-II)";2004-11-01;27402,317926124
"358";"III. RECEITA LÍQUIDA  (I-II)";2004-12-01;41422,0115685696
"359";"III. RECEITA LÍQUIDA  (I-II)";2005-01-01;34211,8264776996
"360";"III. RECEITA LÍQUIDA  (I-II)";2005-02-01;28715,2899350586
"361";"III. RECEITA LÍQUIDA  (I-II)";2005-03-01;32350,2549836884
"362";"III. RECEITA LÍQUIDA  (I-II)";2005-04-01;36486,3347600921
"363";"III. RECEITA LÍQUIDA  (I-II)";2005-05-01;29201,2371637935
"364";"III. RECEITA LÍQUIDA  (I-II)";2005-06-01;34203,6699420016
"365";"III. RECEITA LÍQUIDA  (I-II)";2005-07-01;33965,1805539678
"366";"III. RECEITA LÍQUIDA  (I-II)";2005-08-01;32726,2615770033
"367";"III. RECEITA LÍQUIDA  (I-II)";2005-09-01;31487,0135562772
"368";"III. RECEITA LÍQUIDA  (I-II)";2005-10-01;35270,564257006
"369";"III. RECEITA LÍQUIDA  (I-II)";2005-11-01;31764,8384268295
"370";"III. RECEITA LÍQUIDA  (I-II)";2005-12-01;47216,07473356
"371";"III. RECEITA LÍQUIDA  (I-II)";2006-01-01;37123,5787384026
"372";"III. RECEITA LÍQUIDA  (I-II)";2006-02-01;31206,5113366035
"373";"III. RECEITA LÍQUIDA  (I-II)";2006-03-01;34934,2071306177
"374";"III. RECEITA LÍQUIDA  (I-II)";2006-04-01;41601,9112645649
"375";"III. RECEITA LÍQUIDA  (I-II)";2006-05-01;33464,8543922106
"376";"III. RECEITA LÍQUIDA  (I-II)";2006-06-01;37252,0046819135
"377";"III. RECEITA LÍQUIDA  (I-II)";2006-07-01;37479,4151245641
"378";"III. RECEITA LÍQUIDA  (I-II)";2006-08-01;37555,1609984925
"379";"III. RECEITA LÍQUIDA  (I-II)";2006-09-01;37960,0169906636
"380";"III. RECEITA LÍQUIDA  (I-II)";2006-10-01;40376,5922033503
"381";"III. RECEITA LÍQUIDA  (I-II)";2006-11-01;34288,2535870834
"382";"III. RECEITA LÍQUIDA  (I-II)";2006-12-01;49244,1153949295
"383";"III. RECEITA LÍQUIDA  (I-II)";2007-01-01;43776,204050094
"384";"III. RECEITA LÍQUIDA  (I-II)";2007-02-01;34134,9786081202
"385";"III. RECEITA LÍQUIDA  (I-II)";2007-03-01;41075,7842489313
"386";"III. RECEITA LÍQUIDA  (I-II)";2007-04-01;46342,8365423233
"387";"III. RECEITA LÍQUIDA  (I-II)";2007-05-01;38864,3008410702
"388";"III. RECEITA LÍQUIDA  (I-II)";2007-06-01;40772,5048638636
"389";"III. RECEITA LÍQUIDA  (I-II)";2007-07-01;43417,7264587772
"390";"III. RECEITA LÍQUIDA  (I-II)";2007-08-01;40508,8032091499
"391";"III. RECEITA LÍQUIDA  (I-II)";2007-09-01;41674,8386543278
"392";"III. RECEITA LÍQUIDA  (I-II)";2007-10-01;46721,14126157
"393";"III. RECEITA LÍQUIDA  (I-II)";2007-11-01;43325,3199700708
"394";"III. RECEITA LÍQUIDA  (I-II)";2007-12-01;55820,9974007491
"395";"III. RECEITA LÍQUIDA  (I-II)";2008-01-01;54297,314383697
"396";"III. RECEITA LÍQUIDA  (I-II)";2008-02-01;38798,6899868204
"397";"III. RECEITA LÍQUIDA  (I-II)";2008-03-01;46124,9175062745
"398";"III. RECEITA LÍQUIDA  (I-II)";2008-04-01;53108,3976485172
"399";"III. RECEITA LÍQUIDA  (I-II)";2008-05-01;43140,0978792655
"400";"III. RECEITA LÍQUIDA  (I-II)";2008-06-01;46908,3522391689
"401";"III. RECEITA LÍQUIDA  (I-II)";2008-07-01;53819,7330914725
"402";"III. RECEITA LÍQUIDA  (I-II)";2008-08-01;46439,2354455376
"403";"III. RECEITA LÍQUIDA  (I-II)";2008-09-01;50713,7884815154
"404";"III. RECEITA LÍQUIDA  (I-II)";2008-10-01;56448,6562300263
"405";"III. RECEITA LÍQUIDA  (I-II)";2008-11-01;42445,0583235322
"406";"III. RECEITA LÍQUIDA  (I-II)";2008-12-01;56012,6421795174
"407";"III. RECEITA LÍQUIDA  (I-II)";2009-01-01;52172,6296546555
"408";"III. RECEITA LÍQUIDA  (I-II)";2009-02-01;37480,4782284134
"409";"III. RECEITA LÍQUIDA  (I-II)";2009-03-01;47930,2159685922
"410";"III. RECEITA LÍQUIDA  (I-II)";2009-04-01;53657,2831810531
"411";"III. RECEITA LÍQUIDA  (I-II)";2009-05-01;44678,93994947
"412";"III. RECEITA LÍQUIDA  (I-II)";2009-06-01;45544,7298435304
"413";"III. RECEITA LÍQUIDA  (I-II)";2009-07-01;52512,2874642149
"414";"III. RECEITA LÍQUIDA  (I-II)";2009-08-01;51109,8266728836
"415";"III. RECEITA LÍQUIDA  (I-II)";2009-09-01;45529,4981973209
"416";"III. RECEITA LÍQUIDA  (I-II)";2009-10-01;59813,9072353505
"417";"III. RECEITA LÍQUIDA  (I-II)";2009-11-01;62084,2487073689
"418";"III. RECEITA LÍQUIDA  (I-II)";2009-12-01;65931,8281401156
"419";"III. RECEITA LÍQUIDA  (I-II)";2010-01-01;64097,6747326285
"420";"III. RECEITA LÍQUIDA  (I-II)";2010-02-01;44386,6687020293
"421";"III. RECEITA LÍQUIDA  (I-II)";2010-03-01;53821,3509931971
"422";"III. RECEITA LÍQUIDA  (I-II)";2010-04-01;67987,9541411186
"423";"III. RECEITA LÍQUIDA  (I-II)";2010-05-01;52127,3111245634
"424";"III. RECEITA LÍQUIDA  (I-II)";2010-06-01;50748,6184891208
"425";"III. RECEITA LÍQUIDA  (I-II)";2010-07-01;59876,1650844688
"426";"III. RECEITA LÍQUIDA  (I-II)";2010-08-01;58059,4073875094
"427";"III. RECEITA LÍQUIDA  (I-II)";2010-09-01;130105,363360107
"428";"III. RECEITA LÍQUIDA  (I-II)";2010-10-01;63649,9813451908
"429";"III. RECEITA LÍQUIDA  (I-II)";2010-11-01;58691,6087040029
"430";"III. RECEITA LÍQUIDA  (I-II)";2010-12-01;81608,9763805461
"431";"III. RECEITA LÍQUIDA  (I-II)";2011-01-01;77043,6447361851
"432";"III. RECEITA LÍQUIDA  (I-II)";2011-02-01;50804,0158466052
"433";"III. RECEITA LÍQUIDA  (I-II)";2011-03-01;63154,9264682355
"434";"III. RECEITA LÍQUIDA  (I-II)";2011-04-01;76150,999451768
"435";"III. RECEITA LÍQUIDA  (I-II)";2011-05-01;59406,1370680187
"436";"III. RECEITA LÍQUIDA  (I-II)";2011-06-01;70342,2949775998
"437";"III. RECEITA LÍQUIDA  (I-II)";2011-07-01;78085,5729780484
"438";"III. RECEITA LÍQUIDA  (I-II)";2011-08-01;61069,5522856248
"439";"III. RECEITA LÍQUIDA  (I-II)";2011-09-01;68534,2767080392
"440";"III. RECEITA LÍQUIDA  (I-II)";2011-10-01;73261,3324271423
"441";"III. RECEITA LÍQUIDA  (I-II)";2011-11-01;64852,8530607197
"442";"III. RECEITA LÍQUIDA  (I-II)";2011-12-01;82528,8015720594
"443";"III. RECEITA LÍQUIDA  (I-II)";2012-01-01;88210,2051641161
"444";"III. RECEITA LÍQUIDA  (I-II)";2012-02-01;59220,4101779955
"445";"III. RECEITA LÍQUIDA  (I-II)";2012-03-01;71155,4332157946
"446";"III. RECEITA LÍQUIDA  (I-II)";2012-04-01;82266,0220776206
"447";"III. RECEITA LÍQUIDA  (I-II)";2012-05-01;63803,1719875908
"448";"III. RECEITA LÍQUIDA  (I-II)";2012-06-01;66105,8264783511
"449";"III. RECEITA LÍQUIDA  (I-II)";2012-07-01;77154,3583033209
"450";"III. RECEITA LÍQUIDA  (I-II)";2012-08-01;67870,1946235218
"451";"III. RECEITA LÍQUIDA  (I-II)";2012-09-01;70879,395674225
"452";"III. RECEITA LÍQUIDA  (I-II)";2012-10-01;79220,8576817547
"453";"III. RECEITA LÍQUIDA  (I-II)";2012-11-01;67000,2173944505
"454";"III. RECEITA LÍQUIDA  (I-II)";2012-12-01;95608,8888173351
"455";"III. RECEITA LÍQUIDA  (I-II)";2013-01-01;102452,374182399
"456";"III. RECEITA LÍQUIDA  (I-II)";2013-02-01;54447,8439441964
"457";"III. RECEITA LÍQUIDA  (I-II)";2013-03-01;67856,6919219984
"458";"III. RECEITA LÍQUIDA  (I-II)";2013-04-01;91775,8875178243
"459";"III. RECEITA LÍQUIDA  (I-II)";2013-05-01;73511,9091576897
"460";"III. RECEITA LÍQUIDA  (I-II)";2013-06-01;75629,0253863253
"461";"III. RECEITA LÍQUIDA  (I-II)";2013-07-01;86079,9425111267
"462";"III. RECEITA LÍQUIDA  (I-II)";2013-08-01;73373,1840529866
"463";"III. RECEITA LÍQUIDA  (I-II)";2013-09-01;74708,7470834232
"464";"III. RECEITA LÍQUIDA  (I-II)";2013-10-01;87737,4409959326
"465";"III. RECEITA LÍQUIDA  (I-II)";2013-11-01;108469,286170103
"466";"III. RECEITA LÍQUIDA  (I-II)";2013-12-01;101045,944737884
"467";"III. RECEITA LÍQUIDA  (I-II)";2014-01-01;105188,299553055
"468";"III. RECEITA LÍQUIDA  (I-II)";2014-02-01;66555,1354380953
"469";"III. RECEITA LÍQUIDA  (I-II)";2014-03-01;80204,0077438063
"470";"III. RECEITA LÍQUIDA  (I-II)";2014-04-01;97591,6333648326
"471";"III. RECEITA LÍQUIDA  (I-II)";2014-05-01;70441,5864573992
"472";"III. RECEITA LÍQUIDA  (I-II)";2014-06-01;78499,2312279131
"473";"III. RECEITA LÍQUIDA  (I-II)";2014-07-01;88462,9748244539
"474";"III. RECEITA LÍQUIDA  (I-II)";2014-08-01;82829,8985688665
"475";"III. RECEITA LÍQUIDA  (I-II)";2014-09-01;78000,061765827
"476";"III. RECEITA LÍQUIDA  (I-II)";2014-10-01;91812,718268443
"477";"III. RECEITA LÍQUIDA  (I-II)";2014-11-01;84068,0839283812
"478";"III. RECEITA LÍQUIDA  (I-II)";2014-12-01;99359,0010319064
"479";"III. RECEITA LÍQUIDA  (I-II)";2015-01-01;105386,71719594
"480";"III. RECEITA LÍQUIDA  (I-II)";2015-02-01;70171,1211582776
"481";"III. RECEITA LÍQUIDA  (I-II)";2015-03-01;82792,5284346071
"482";"III. RECEITA LÍQUIDA  (I-II)";2015-04-01;101810,963130365
"483";"III. RECEITA LÍQUIDA  (I-II)";2015-05-01;77426,5952812546
"484";"III. RECEITA LÍQUIDA  (I-II)";2015-06-01;81248,5242998495
"485";"III. RECEITA LÍQUIDA  (I-II)";2015-07-01;91168,5273653147
"486";"III. RECEITA LÍQUIDA  (I-II)";2015-08-01;79199,6826886039
"487";"III. RECEITA LÍQUIDA  (I-II)";2015-09-01;82693,7599065418
"488";"III. RECEITA LÍQUIDA  (I-II)";2015-10-01;87866,9455319091
"489";"III. RECEITA LÍQUIDA  (I-II)";2015-11-01;75038,9262614822
"490";"III. RECEITA LÍQUIDA  (I-II)";2015-12-01;108300,795543724
"491";"III. RECEITA LÍQUIDA  (I-II)";2016-01-01;124029,580345258
"492";"III. RECEITA LÍQUIDA  (I-II)";2016-02-01;67460,6347449607
"493";"III. RECEITA LÍQUIDA  (I-II)";2016-03-01;84821,3561125158
"494";"III. RECEITA LÍQUIDA  (I-II)";2016-04-01;103682,785794567
"495";"III. RECEITA LÍQUIDA  (I-II)";2016-05-01;76288,7589144651
"496";"III. RECEITA LÍQUIDA  (I-II)";2016-06-01;83752,4167873398
"497";"III. RECEITA LÍQUIDA  (I-II)";2016-07-01;91816,4750953216
"498";"III. RECEITA LÍQUIDA  (I-II)";2016-08-01;75023,0269703564
"499";"III. RECEITA LÍQUIDA  (I-II)";2016-09-01;80763,0756837129
"500";"III. RECEITA LÍQUIDA  (I-II)";2016-10-01;132023,411023303
"501";"III. RECEITA LÍQUIDA  (I-II)";2016-11-01;74538,4067262506
"502";"III. RECEITA LÍQUIDA  (I-II)";2016-12-01;93917,6354615916
"503";"III. RECEITA LÍQUIDA  (I-II)";2017-01-01;118792,175730775
"504";"III. RECEITA LÍQUIDA  (I-II)";2017-02-01;68999,9837927913
"505";"III. RECEITA LÍQUIDA  (I-II)";2017-03-01;87502,4974499405
"506";"III. RECEITA LÍQUIDA  (I-II)";2017-04-01;108028,005609665
"507";"III. RECEITA LÍQUIDA  (I-II)";2017-05-01;77726,0972749075
"508";"III. RECEITA LÍQUIDA  (I-II)";2017-06-01;86637,5443617183
"509";"III. RECEITA LÍQUIDA  (I-II)";2017-07-01;89117,5685114531
"510";"III. RECEITA LÍQUIDA  (I-II)";2017-08-01;91562,2980591636
"511";"III. RECEITA LÍQUIDA  (I-II)";2017-09-01;89716,734331601
"512";"III. RECEITA LÍQUIDA  (I-II)";2017-10-01;103225,467157959
"513";"III. RECEITA LÍQUIDA  (I-II)";2017-11-01;106620,015410522
"514";"III. RECEITA LÍQUIDA  (I-II)";2017-12-01;126817,889149303
"515";"III. RECEITA LÍQUIDA  (I-II)";2018-01-01;136199,265459094
"516";"III. RECEITA LÍQUIDA  (I-II)";2018-02-01;78261,1850272284
"517";"III. RECEITA LÍQUIDA  (I-II)";2018-03-01;89626,457920382
"518";"III. RECEITA LÍQUIDA  (I-II)";2018-04-01;120737,334332461
"519";"III. RECEITA LÍQUIDA  (I-II)";2018-05-01;87777,5084669111
"520";"III. RECEITA LÍQUIDA  (I-II)";2018-06-01;88393,5822977562
"521";"III. RECEITA LÍQUIDA  (I-II)";2018-07-01;106473,442153726
"522";"III. RECEITA LÍQUIDA  (I-II)";2018-08-01;92555,8970547226
"523";"III. RECEITA LÍQUIDA  (I-II)";2018-09-01;96607,5507904263
"524";"III. RECEITA LÍQUIDA  (I-II)";2018-10-01;114769,307397232
"525";"IV. DESPESA TOTAL";1997-01-01;10766,9139263187
"526";"IV. DESPESA TOTAL";1997-02-01;9016,42017554067
"527";"IV. DESPESA TOTAL";1997-03-01;9673,717716762
"528";"IV. DESPESA TOTAL";1997-04-01;9699,86460205467
"529";"IV. DESPESA TOTAL";1997-05-01;10113,9262985867
"530";"IV. DESPESA TOTAL";1997-06-01;10033,5336320597
"531";"IV. DESPESA TOTAL";1997-07-01;11525,2965538527
"532";"IV. DESPESA TOTAL";1997-08-01;9909,34633591966
"533";"IV. DESPESA TOTAL";1997-09-01;11509,8887773947
"534";"IV. DESPESA TOTAL";1997-10-01;12272,1744568407
"535";"IV. DESPESA TOTAL";1997-11-01;10506,3980464473
"536";"IV. DESPESA TOTAL";1997-12-01;17940,521000168
"537";"IV. DESPESA TOTAL";1998-01-01;12127,415992186
"538";"IV. DESPESA TOTAL";1998-02-01;11087,9625905087
"539";"IV. DESPESA TOTAL";1998-03-01;12759,737111188
"540";"IV. DESPESA TOTAL";1998-04-01;11333,6502597733
"541";"IV. DESPESA TOTAL";1998-05-01;11171,627827626
"542";"IV. DESPESA TOTAL";1998-06-01;12516,8307704613
"543";"IV. DESPESA TOTAL";1998-07-01;11768,507666836
"544";"IV. DESPESA TOTAL";1998-08-01;12266,0966819567
"545";"IV. DESPESA TOTAL";1998-09-01;11879,7832787667
"546";"IV. DESPESA TOTAL";1998-10-01;12581,948138189
"547";"IV. DESPESA TOTAL";1998-11-01;13616,5289040229
"548";"IV. DESPESA TOTAL";1998-12-01;15672,7893198669
"549";"IV. DESPESA TOTAL";1999-01-01;11372,02364665
"550";"IV. DESPESA TOTAL";1999-02-01;11837,48908456
"551";"IV. DESPESA TOTAL";1999-03-01;12300,18296734
"552";"IV. DESPESA TOTAL";1999-04-01;11186,2680567
"553";"IV. DESPESA TOTAL";1999-05-01;12321,13285702
"554";"IV. DESPESA TOTAL";1999-06-01;11915,98842776
"555";"IV. DESPESA TOTAL";1999-07-01;13726,296476
"556";"IV. DESPESA TOTAL";1999-08-01;12647,17373971
"557";"IV. DESPESA TOTAL";1999-09-01;12283,65267215
"558";"IV. DESPESA TOTAL";1999-10-01;13292,62563099
"559";"IV. DESPESA TOTAL";1999-11-01;13719,17334558
"560";"IV. DESPESA TOTAL";1999-12-01;22077,80249588
"561";"IV. DESPESA TOTAL";2000-01-01;13763,63223309
"562";"IV. DESPESA TOTAL";2000-02-01;12616,1881489
"563";"IV. DESPESA TOTAL";2000-03-01;12858,24020379
"564";"IV. DESPESA TOTAL";2000-04-01;11899,72438347
"565";"IV. DESPESA TOTAL";2000-05-01;13094,66169017
"566";"IV. DESPESA TOTAL";2000-06-01;13862,98574689
"567";"IV. DESPESA TOTAL";2000-07-01;15202,44779408
"568";"IV. DESPESA TOTAL";2000-08-01;14609,0997505
"569";"IV. DESPESA TOTAL";2000-09-01;14298,01436016
"570";"IV. DESPESA TOTAL";2000-10-01;16001,7281794
"571";"IV. DESPESA TOTAL";2000-11-01;15245,26840457
"572";"IV. DESPESA TOTAL";2000-12-01;23920,07161341
"573";"IV. DESPESA TOTAL";2001-01-01;15831,96164819
"574";"IV. DESPESA TOTAL";2001-02-01;14209,59014989
"575";"IV. DESPESA TOTAL";2001-03-01;14871,14794519
"576";"IV. DESPESA TOTAL";2001-04-01;14565,54737753
"577";"IV. DESPESA TOTAL";2001-05-01;15783,05015801
"578";"IV. DESPESA TOTAL";2001-06-01;15753,03632119
"579";"IV. DESPESA TOTAL";2001-07-01;17416,60235724
"580";"IV. DESPESA TOTAL";2001-08-01;16701,73888353
"581";"IV. DESPESA TOTAL";2001-09-01;15921,28830677
"582";"IV. DESPESA TOTAL";2001-10-01;17726,1401167178
"583";"IV. DESPESA TOTAL";2001-11-01;17402,19996521
"584";"IV. DESPESA TOTAL";2001-12-01;29460,87623615
"585";"IV. DESPESA TOTAL";2002-01-01;18450,3226104
"586";"IV. DESPESA TOTAL";2002-02-01;16343,94263123
"587";"IV. DESPESA TOTAL";2002-03-01;17297,97062566
"588";"IV. DESPESA TOTAL";2002-04-01;16954,91708449
"589";"IV. DESPESA TOTAL";2002-05-01;17904,74892401
"590";"IV. DESPESA TOTAL";2002-06-01;17157,23704686
"591";"IV. DESPESA TOTAL";2002-07-01;21368,85689611
"592";"IV. DESPESA TOTAL";2002-08-01;18781,881638383
"593";"IV. DESPESA TOTAL";2002-09-01;17890,041495507
"594";"IV. DESPESA TOTAL";2002-10-01;21049,556423804
"595";"IV. DESPESA TOTAL";2002-11-01;20657,74991101
"596";"IV. DESPESA TOTAL";2002-12-01;32603,84214143
"597";"IV. DESPESA TOTAL";2003-01-01;19998,7914640183
"598";"IV. DESPESA TOTAL";2003-02-01;18164,57378962
"599";"IV. DESPESA TOTAL";2003-03-01;17456,52100245
"600";"IV. DESPESA TOTAL";2003-04-01;17994,93749762
"601";"IV. DESPESA TOTAL";2003-05-01;19216,82486844
"602";"IV. DESPESA TOTAL";2003-06-01;20213,24654439
"603";"IV. DESPESA TOTAL";2003-07-01;22914,49898507
"604";"IV. DESPESA TOTAL";2003-08-01;20762,42102405
"605";"IV. DESPESA TOTAL";2003-09-01;20166,42418859
"606";"IV. DESPESA TOTAL";2003-10-01;23071,22634234
"607";"IV. DESPESA TOTAL";2003-11-01;22077,23277879
"608";"IV. DESPESA TOTAL";2003-12-01;38085,6972881
"609";"IV. DESPESA TOTAL";2004-01-01;22119,54387138
"610";"IV. DESPESA TOTAL";2004-02-01;21101,81059445
"611";"IV. DESPESA TOTAL";2004-03-01;22411,76320667
"612";"IV. DESPESA TOTAL";2004-04-01;22485,73955724
"613";"IV. DESPESA TOTAL";2004-05-01;22558,60855894
"614";"IV. DESPESA TOTAL";2004-06-01;23755,70674215
"615";"IV. DESPESA TOTAL";2004-07-01;26639,98661764
"616";"IV. DESPESA TOTAL";2004-08-01;24244,57617101
"617";"IV. DESPESA TOTAL";2004-09-01;24839,44429304
"618";"IV. DESPESA TOTAL";2004-10-01;25610,36741113
"619";"IV. DESPESA TOTAL";2004-11-01;25645,192466036
"620";"IV. DESPESA TOTAL";2004-12-01;44197,918981824
"621";"IV. DESPESA TOTAL";2005-01-01;25834,3202827233
"622";"IV. DESPESA TOTAL";2005-02-01;26699,26736446
"623";"IV. DESPESA TOTAL";2005-03-01;25777,343218
"624";"IV. DESPESA TOTAL";2005-04-01;23773,35312077
"625";"IV. DESPESA TOTAL";2005-05-01;26421,73378025
"626";"IV. DESPESA TOTAL";2005-06-01;28437,49140835
"627";"IV. DESPESA TOTAL";2005-07-01;29207,74071012
"628";"IV. DESPESA TOTAL";2005-08-01;28944,51921621
"629";"IV. DESPESA TOTAL";2005-09-01;28700,13717338
"630";"IV. DESPESA TOTAL";2005-10-01;29417,39809094
"631";"IV. DESPESA TOTAL";2005-11-01;30486,79394701
"632";"IV. DESPESA TOTAL";2005-12-01;51225,2803260462
"633";"IV. DESPESA TOTAL";2006-01-01;33068,60331256
"634";"IV. DESPESA TOTAL";2006-02-01;27598,78242683
"635";"IV. DESPESA TOTAL";2006-03-01;27644,136363335
"636";"IV. DESPESA TOTAL";2006-04-01;26916,37618099
"637";"IV. DESPESA TOTAL";2006-05-01;30802,63869488
"638";"IV. DESPESA TOTAL";2006-06-01;31201,63761176
"639";"IV. DESPESA TOTAL";2006-07-01;34452,29146489
"640";"IV. DESPESA TOTAL";2006-08-01;31283,65070912
"641";"IV. DESPESA TOTAL";2006-09-01;37584,6251809
"642";"IV. DESPESA TOTAL";2006-10-01;33526,16098019
"643";"IV. DESPESA TOTAL";2006-11-01;34624,92313869
"644";"IV. DESPESA TOTAL";2006-12-01;55034,56573899
"645";"IV. DESPESA TOTAL";2007-01-01;32219,9093588116
"646";"IV. DESPESA TOTAL";2007-02-01;30635,4811161749
"647";"IV. DESPESA TOTAL";2007-03-01;37211,3983822835
"648";"IV. DESPESA TOTAL";2007-04-01;32247,77253484
"649";"IV. DESPESA TOTAL";2007-05-01;34622,18429877
"650";"IV. DESPESA TOTAL";2007-06-01;35574,07472772
"651";"IV. DESPESA TOTAL";2007-07-01;38255,07255792
"652";"IV. DESPESA TOTAL";2007-08-01;36845,28581624
"653";"IV. DESPESA TOTAL";2007-09-01;41636,13096137
"654";"IV. DESPESA TOTAL";2007-10-01;36843,15404323
"655";"IV. DESPESA TOTAL";2007-11-01;38821,1738793466
"656";"IV. DESPESA TOTAL";2007-12-01;63873,4095651398
"657";"IV. DESPESA TOTAL";2008-01-01;38934,8055140376
"658";"IV. DESPESA TOTAL";2008-02-01;33581,3858072024
"659";"IV. DESPESA TOTAL";2008-03-01;35518,18680111
"660";"IV. DESPESA TOTAL";2008-04-01;36387,72844555
"661";"IV. DESPESA TOTAL";2008-05-01;37589,627403151
"662";"IV. DESPESA TOTAL";2008-06-01;38987,65292852
"663";"IV. DESPESA TOTAL";2008-07-01;46615,16361715
"664";"IV. DESPESA TOTAL";2008-08-01;40171,66148365
"665";"IV. DESPESA TOTAL";2008-09-01;44579,7366230936
"666";"IV. DESPESA TOTAL";2008-10-01;41581,35569333
"667";"IV. DESPESA TOTAL";2008-11-01;46864,100516
"668";"IV. DESPESA TOTAL";2008-12-01;61763,0894217
"669";"IV. DESPESA TOTAL";2009-01-01;48194,78489073
"670";"IV. DESPESA TOTAL";2009-02-01;38591,80193755
"671";"IV. DESPESA TOTAL";2009-03-01;41303,70458253
"672";"IV. DESPESA TOTAL";2009-04-01;43625,88184379
"673";"IV. DESPESA TOTAL";2009-05-01;45045,8497165099
"674";"IV. DESPESA TOTAL";2009-06-01;46162,8810291194
"675";"IV. DESPESA TOTAL";2009-07-01;51002,6475652602
"676";"IV. DESPESA TOTAL";2009-08-01;47727,1128848226
"677";"IV. DESPESA TOTAL";2009-09-01;53343,188001712
"678";"IV. DESPESA TOTAL";2009-10-01;48579,04351271
"679";"IV. DESPESA TOTAL";2009-11-01;51421,44316321
"680";"IV. DESPESA TOTAL";2009-12-01;64011,1152519099
"681";"IV. DESPESA TOTAL";2010-01-01;50288,8189999791
"682";"IV. DESPESA TOTAL";2010-02-01;45567,8399413146
"683";"IV. DESPESA TOTAL";2010-03-01;58386,9989049212
"684";"IV. DESPESA TOTAL";2010-04-01;51507,3909017068
"685";"IV. DESPESA TOTAL";2010-05-01;52709,7975883968
"686";"IV. DESPESA TOTAL";2010-06-01;50134,2633279627
"687";"IV. DESPESA TOTAL";2010-07-01;59150,1776271411
"688";"IV. DESPESA TOTAL";2010-08-01;54196,2601854308
"689";"IV. DESPESA TOTAL";2010-09-01;104159,310855303
"690";"IV. DESPESA TOTAL";2010-10-01;55932,2917655659
"691";"IV. DESPESA TOTAL";2010-11-01;57806,6889489166
"692";"IV. DESPESA TOTAL";2010-12-01;67430,0724562944
"693";"IV. DESPESA TOTAL";2011-01-01;62969,8988107645
"694";"IV. DESPESA TOTAL";2011-02-01;48276,5174353001
"695";"IV. DESPESA TOTAL";2011-03-01;54266,9337164659
"696";"IV. DESPESA TOTAL";2011-04-01;60659,6105469139
"697";"IV. DESPESA TOTAL";2011-05-01;55363,6076763752
"698";"IV. DESPESA TOTAL";2011-06-01;59934,6725618993
"699";"IV. DESPESA TOTAL";2011-07-01;66982,4394137833
"700";"IV. DESPESA TOTAL";2011-08-01;58532,2104808037
"701";"IV. DESPESA TOTAL";2011-09-01;63233,6323405068
"702";"IV. DESPESA TOTAL";2011-10-01;61855,2437622611
"703";"IV. DESPESA TOTAL";2011-11-01;60223,1645896798
"704";"IV. DESPESA TOTAL";2011-12-01;81045,4453845122
"705";"IV. DESPESA TOTAL";2012-01-01;67588,3133027977
"706";"IV. DESPESA TOTAL";2012-02-01;53847,4231243085
"707";"IV. DESPESA TOTAL";2012-03-01;63747,6930692331
"708";"IV. DESPESA TOTAL";2012-04-01;71425,3896460425
"709";"IV. DESPESA TOTAL";2012-05-01;62327,5486118692
"710";"IV. DESPESA TOTAL";2012-06-01;65410,3963331
"711";"IV. DESPESA TOTAL";2012-07-01;73384,5320990547
"712";"IV. DESPESA TOTAL";2012-08-01;66484,8996986967
"713";"IV. DESPESA TOTAL";2012-09-01;69811,5062471582
"714";"IV. DESPESA TOTAL";2012-10-01;69800,2199369365
"715";"IV. DESPESA TOTAL";2012-11-01;71802,9128277778
"716";"IV. DESPESA TOTAL";2012-12-01;80276,1804511024
"717";"IV. DESPESA TOTAL";2013-01-01;76329,5036116933
"718";"IV. DESPESA TOTAL";2013-02-01;61132,2273218283
"719";"IV. DESPESA TOTAL";2013-03-01;68276,8073409877
"720";"IV. DESPESA TOTAL";2013-04-01;85084,1173884514
"721";"IV. DESPESA TOTAL";2013-05-01;67954,2253765603
"722";"IV. DESPESA TOTAL";2013-06-01;74815,104731457
"723";"IV. DESPESA TOTAL";2013-07-01;82662,0111606888
"724";"IV. DESPESA TOTAL";2013-08-01;73708,526299417
"725";"IV. DESPESA TOTAL";2013-09-01;85389,2943347798
"726";"IV. DESPESA TOTAL";2013-10-01;82809,037174135
"727";"IV. DESPESA TOTAL";2013-11-01;80119,6147583245
"728";"IV. DESPESA TOTAL";2013-12-01;86648,6632518227
"729";"IV. DESPESA TOTAL";2014-01-01;92948,2348509615
"730";"IV. DESPESA TOTAL";2014-02-01;69869,7853888017
"731";"IV. DESPESA TOTAL";2014-03-01;77279,7862140607
"732";"IV. DESPESA TOTAL";2014-04-01;81433,7021906781
"733";"IV. DESPESA TOTAL";2014-05-01;81923,3385487014
"734";"IV. DESPESA TOTAL";2014-06-01;81181,2372433046
"735";"IV. DESPESA TOTAL";2014-07-01;91086,6684648481
"736";"IV. DESPESA TOTAL";2014-08-01;93477,2217538768
"737";"IV. DESPESA TOTAL";2014-09-01;98838,378411684
"738";"IV. DESPESA TOTAL";2014-10-01;88791,3057597423
"739";"IV. DESPESA TOTAL";2014-11-01;91259,7968273428
"740";"IV. DESPESA TOTAL";2014-12-01;98405,5799315179
"741";"IV. DESPESA TOTAL";2015-01-01;95398,4102485301
"742";"IV. DESPESA TOTAL";2015-02-01;77600,6043851212
"743";"IV. DESPESA TOTAL";2015-03-01;81672,4710721425
"744";"IV. DESPESA TOTAL";2015-04-01;91908,6557392329
"745";"IV. DESPESA TOTAL";2015-05-01;85980,3299440683
"746";"IV. DESPESA TOTAL";2015-06-01;90189,043603854
"747";"IV. DESPESA TOTAL";2015-07-01;98930,9163175815
"748";"IV. DESPESA TOTAL";2015-08-01;84906,003925563
"749";"IV. DESPESA TOTAL";2015-09-01;89876,1862149757
"750";"IV. DESPESA TOTAL";2015-10-01;101056,762623641
"751";"IV. DESPESA TOTAL";2015-11-01;96319,5357967552
"752";"IV. DESPESA TOTAL";2015-12-01;170623,393454335
"753";"IV. DESPESA TOTAL";2016-01-01;109340,826817692
"754";"IV. DESPESA TOTAL";2016-02-01;92872,3600168527
"755";"IV. DESPESA TOTAL";2016-03-01;92650,9754391814
"756";"IV. DESPESA TOTAL";2016-04-01;94865,7964995461
"757";"IV. DESPESA TOTAL";2016-05-01;93275,8538915714
"758";"IV. DESPESA TOTAL";2016-06-01;93496,0072933686
"759";"IV. DESPESA TOTAL";2016-07-01;111043,014092238
"760";"IV. DESPESA TOTAL";2016-08-01;95325,3257217631
"761";"IV. DESPESA TOTAL";2016-09-01;106002,179420155
"762";"IV. DESPESA TOTAL";2016-10-01;91151,2974940756
"763";"IV. DESPESA TOTAL";2016-11-01;113005,137694928
"764";"IV. DESPESA TOTAL";2016-12-01;156364,414194208
"765";"IV. DESPESA TOTAL";2017-01-01;100787,473084678
"766";"IV. DESPESA TOTAL";2017-02-01;95336,3952177744
"767";"IV. DESPESA TOTAL";2017-03-01;98733,898783992
"768";"IV. DESPESA TOTAL";2017-04-01;95712,1310236884
"769";"IV. DESPESA TOTAL";2017-05-01;107113,430604783
"770";"IV. DESPESA TOTAL";2017-06-01;106481,734049891
"771";"IV. DESPESA TOTAL";2017-07-01;109272,072939808
"772";"IV. DESPESA TOTAL";2017-08-01;101673,267824056
"773";"IV. DESPESA TOTAL";2017-09-01;112538,787599839
"774";"IV. DESPESA TOTAL";2017-10-01;98152,1964020775
"775";"IV. DESPESA TOTAL";2017-11-01;105359,439597667
"776";"IV. DESPESA TOTAL";2017-12-01;147846,936346208
"777";"IV. DESPESA TOTAL";2018-01-01;105357,400755948
"778";"IV. DESPESA TOTAL";2018-02-01;97480,1169909323
"779";"IV. DESPESA TOTAL";2018-03-01;114122,604604971
"780";"IV. DESPESA TOTAL";2018-04-01;112053,547467331
"781";"IV. DESPESA TOTAL";2018-05-01;102304,528875696
"782";"IV. DESPESA TOTAL";2018-06-01;105294,720321811
"783";"IV. DESPESA TOTAL";2018-07-01;113961,721258873
"784";"IV. DESPESA TOTAL";2018-08-01;112218,831041455
"785";"IV. DESPESA TOTAL";2018-09-01;119633,616961845
"786";"IV. DESPESA TOTAL";2018-10-01;105318,734322982
"787";"V. FUNDO SOBERANO DO BRASIL";1997-01-01;0
"788";"V. FUNDO SOBERANO DO BRASIL";1997-02-01;0
"789";"V. FUNDO SOBERANO DO BRASIL";1997-03-01;0
"790";"V. FUNDO SOBERANO DO BRASIL";1997-04-01;0
"791";"V. FUNDO SOBERANO DO BRASIL";1997-05-01;0
"792";"V. FUNDO SOBERANO DO BRASIL";1997-06-01;0
"793";"V. FUNDO SOBERANO DO BRASIL";1997-07-01;0
"794";"V. FUNDO SOBERANO DO BRASIL";1997-08-01;0
"795";"V. FUNDO SOBERANO DO BRASIL";1997-09-01;0
"796";"V. FUNDO SOBERANO DO BRASIL";1997-10-01;0
"797";"V. FUNDO SOBERANO DO BRASIL";1997-11-01;0
"798";"V. FUNDO SOBERANO DO BRASIL";1997-12-01;0
"799";"V. FUNDO SOBERANO DO BRASIL";1998-01-01;0
"800";"V. FUNDO SOBERANO DO BRASIL";1998-02-01;0
"801";"V. FUNDO SOBERANO DO BRASIL";1998-03-01;0
"802";"V. FUNDO SOBERANO DO BRASIL";1998-04-01;0
"803";"V. FUNDO SOBERANO DO BRASIL";1998-05-01;0
"804";"V. FUNDO SOBERANO DO BRASIL";1998-06-01;0
"805";"V. FUNDO SOBERANO DO BRASIL";1998-07-01;0
"806";"V. FUNDO SOBERANO DO BRASIL";1998-08-01;0
"807";"V. FUNDO SOBERANO DO BRASIL";1998-09-01;0
"808";"V. FUNDO SOBERANO DO BRASIL";1998-10-01;0
"809";"V. FUNDO SOBERANO DO BRASIL";1998-11-01;0
"810";"V. FUNDO SOBERANO DO BRASIL";1998-12-01;0
"811";"V. FUNDO SOBERANO DO BRASIL";1999-01-01;0
"812";"V. FUNDO SOBERANO DO BRASIL";1999-02-01;0
"813";"V. FUNDO SOBERANO DO BRASIL";1999-03-01;0
"814";"V. FUNDO SOBERANO DO BRASIL";1999-04-01;0
"815";"V. FUNDO SOBERANO DO BRASIL";1999-05-01;0
"816";"V. FUNDO SOBERANO DO BRASIL";1999-06-01;0
"817";"V. FUNDO SOBERANO DO BRASIL";1999-07-01;0
"818";"V. FUNDO SOBERANO DO BRASIL";1999-08-01;0
"819";"V. FUNDO SOBERANO DO BRASIL";1999-09-01;0
"820";"V. FUNDO SOBERANO DO BRASIL";1999-10-01;0
"821";"V. FUNDO SOBERANO DO BRASIL";1999-11-01;0
"822";"V. FUNDO SOBERANO DO BRASIL";1999-12-01;0
"823";"V. FUNDO SOBERANO DO BRASIL";2000-01-01;0
"824";"V. FUNDO SOBERANO DO BRASIL";2000-02-01;0
"825";"V. FUNDO SOBERANO DO BRASIL";2000-03-01;0
"826";"V. FUNDO SOBERANO DO BRASIL";2000-04-01;0
"827";"V. FUNDO SOBERANO DO BRASIL";2000-05-01;0
"828";"V. FUNDO SOBERANO DO BRASIL";2000-06-01;0
"829";"V. FUNDO SOBERANO DO BRASIL";2000-07-01;0
"830";"V. FUNDO SOBERANO DO BRASIL";2000-08-01;0
"831";"V. FUNDO SOBERANO DO BRASIL";2000-09-01;0
"832";"V. FUNDO SOBERANO DO BRASIL";2000-10-01;0
"833";"V. FUNDO SOBERANO DO BRASIL";2000-11-01;0
"834";"V. FUNDO SOBERANO DO BRASIL";2000-12-01;0
"835";"V. FUNDO SOBERANO DO BRASIL";2001-01-01;0
"836";"V. FUNDO SOBERANO DO BRASIL";2001-02-01;0
"837";"V. FUNDO SOBERANO DO BRASIL";2001-03-01;0
"838";"V. FUNDO SOBERANO DO BRASIL";2001-04-01;0
"839";"V. FUNDO SOBERANO DO BRASIL";2001-05-01;0
"840";"V. FUNDO SOBERANO DO BRASIL";2001-06-01;0
"841";"V. FUNDO SOBERANO DO BRASIL";2001-07-01;0
"842";"V. FUNDO SOBERANO DO BRASIL";2001-08-01;0
"843";"V. FUNDO SOBERANO DO BRASIL";2001-09-01;0
"844";"V. FUNDO SOBERANO DO BRASIL";2001-10-01;0
"845";"V. FUNDO SOBERANO DO BRASIL";2001-11-01;0
"846";"V. FUNDO SOBERANO DO BRASIL";2001-12-01;0
"847";"V. FUNDO SOBERANO DO BRASIL";2002-01-01;0
"848";"V. FUNDO SOBERANO DO BRASIL";2002-02-01;0
"849";"V. FUNDO SOBERANO DO BRASIL";2002-03-01;0
"850";"V. FUNDO SOBERANO DO BRASIL";2002-04-01;0
"851";"V. FUNDO SOBERANO DO BRASIL";2002-05-01;0
"852";"V. FUNDO SOBERANO DO BRASIL";2002-06-01;0
"853";"V. FUNDO SOBERANO DO BRASIL";2002-07-01;0
"854";"V. FUNDO SOBERANO DO BRASIL";2002-08-01;0
"855";"V. FUNDO SOBERANO DO BRASIL";2002-09-01;0
"856";"V. FUNDO SOBERANO DO BRASIL";2002-10-01;0
"857";"V. FUNDO SOBERANO DO BRASIL";2002-11-01;0
"858";"V. FUNDO SOBERANO DO BRASIL";2002-12-01;0
"859";"V. FUNDO SOBERANO DO BRASIL";2003-01-01;0
"860";"V. FUNDO SOBERANO DO BRASIL";2003-02-01;0
"861";"V. FUNDO SOBERANO DO BRASIL";2003-03-01;0
"862";"V. FUNDO SOBERANO DO BRASIL";2003-04-01;0
"863";"V. FUNDO SOBERANO DO BRASIL";2003-05-01;0
"864";"V. FUNDO SOBERANO DO BRASIL";2003-06-01;0
"865";"V. FUNDO SOBERANO DO BRASIL";2003-07-01;0
"866";"V. FUNDO SOBERANO DO BRASIL";2003-08-01;0
"867";"V. FUNDO SOBERANO DO BRASIL";2003-09-01;0
"868";"V. FUNDO SOBERANO DO BRASIL";2003-10-01;0
"869";"V. FUNDO SOBERANO DO BRASIL";2003-11-01;0
"870";"V. FUNDO SOBERANO DO BRASIL";2003-12-01;0
"871";"V. FUNDO SOBERANO DO BRASIL";2004-01-01;0
"872";"V. FUNDO SOBERANO DO BRASIL";2004-02-01;0
"873";"V. FUNDO SOBERANO DO BRASIL";2004-03-01;0
"874";"V. FUNDO SOBERANO DO BRASIL";2004-04-01;0
"875";"V. FUNDO SOBERANO DO BRASIL";2004-05-01;0
"876";"V. FUNDO SOBERANO DO BRASIL";2004-06-01;0
"877";"V. FUNDO SOBERANO DO BRASIL";2004-07-01;0
"878";"V. FUNDO SOBERANO DO BRASIL";2004-08-01;0
"879";"V. FUNDO SOBERANO DO BRASIL";2004-09-01;0
"880";"V. FUNDO SOBERANO DO BRASIL";2004-10-01;0
"881";"V. FUNDO SOBERANO DO BRASIL";2004-11-01;0
"882";"V. FUNDO SOBERANO DO BRASIL";2004-12-01;0
"883";"V. FUNDO SOBERANO DO BRASIL";2005-01-01;0
"884";"V. FUNDO SOBERANO DO BRASIL";2005-02-01;0
"885";"V. FUNDO SOBERANO DO BRASIL";2005-03-01;0
"886";"V. FUNDO SOBERANO DO BRASIL";2005-04-01;0
"887";"V. FUNDO SOBERANO DO BRASIL";2005-05-01;0
"888";"V. FUNDO SOBERANO DO BRASIL";2005-06-01;0
"889";"V. FUNDO SOBERANO DO BRASIL";2005-07-01;0
"890";"V. FUNDO SOBERANO DO BRASIL";2005-08-01;0
"891";"V. FUNDO SOBERANO DO BRASIL";2005-09-01;0
"892";"V. FUNDO SOBERANO DO BRASIL";2005-10-01;0
"893";"V. FUNDO SOBERANO DO BRASIL";2005-11-01;0
"894";"V. FUNDO SOBERANO DO BRASIL";2005-12-01;0
"895";"V. FUNDO SOBERANO DO BRASIL";2006-01-01;0
"896";"V. FUNDO SOBERANO DO BRASIL";2006-02-01;0
"897";"V. FUNDO SOBERANO DO BRASIL";2006-03-01;0
"898";"V. FUNDO SOBERANO DO BRASIL";2006-04-01;0
"899";"V. FUNDO SOBERANO DO BRASIL";2006-05-01;0
"900";"V. FUNDO SOBERANO DO BRASIL";2006-06-01;0
"901";"V. FUNDO SOBERANO DO BRASIL";2006-07-01;0
"902";"V. FUNDO SOBERANO DO BRASIL";2006-08-01;0
"903";"V. FUNDO SOBERANO DO BRASIL";2006-09-01;0
"904";"V. FUNDO SOBERANO DO BRASIL";2006-10-01;0
"905";"V. FUNDO SOBERANO DO BRASIL";2006-11-01;0
"906";"V. FUNDO SOBERANO DO BRASIL";2006-12-01;0
"907";"V. FUNDO SOBERANO DO BRASIL";2007-01-01;0
"908";"V. FUNDO SOBERANO DO BRASIL";2007-02-01;0
"909";"V. FUNDO SOBERANO DO BRASIL";2007-03-01;0
"910";"V. FUNDO SOBERANO DO BRASIL";2007-04-01;0
"911";"V. FUNDO SOBERANO DO BRASIL";2007-05-01;0
"912";"V. FUNDO SOBERANO DO BRASIL";2007-06-01;0
"913";"V. FUNDO SOBERANO DO BRASIL";2007-07-01;0
"914";"V. FUNDO SOBERANO DO BRASIL";2007-08-01;0
"915";"V. FUNDO SOBERANO DO BRASIL";2007-09-01;0
"916";"V. FUNDO SOBERANO DO BRASIL";2007-10-01;0
"917";"V. FUNDO SOBERANO DO BRASIL";2007-11-01;0
"918";"V. FUNDO SOBERANO DO BRASIL";2007-12-01;0
"919";"V. FUNDO SOBERANO DO BRASIL";2008-01-01;0
"920";"V. FUNDO SOBERANO DO BRASIL";2008-02-01;0
"921";"V. FUNDO SOBERANO DO BRASIL";2008-03-01;0
"922";"V. FUNDO SOBERANO DO BRASIL";2008-04-01;0
"923";"V. FUNDO SOBERANO DO BRASIL";2008-05-01;0
"924";"V. FUNDO SOBERANO DO BRASIL";2008-06-01;0
"925";"V. FUNDO SOBERANO DO BRASIL";2008-07-01;0
"926";"V. FUNDO SOBERANO DO BRASIL";2008-08-01;0
"927";"V. FUNDO SOBERANO DO BRASIL";2008-09-01;0
"928";"V. FUNDO SOBERANO DO BRASIL";2008-10-01;0
"929";"V. FUNDO SOBERANO DO BRASIL";2008-11-01;0
"930";"V. FUNDO SOBERANO DO BRASIL";2008-12-01;-14244
"931";"V. FUNDO SOBERANO DO BRASIL";2009-01-01;0
"932";"V. FUNDO SOBERANO DO BRASIL";2009-02-01;0
"933";"V. FUNDO SOBERANO DO BRASIL";2009-03-01;0
"934";"V. FUNDO SOBERANO DO BRASIL";2009-04-01;0
"935";"V. FUNDO SOBERANO DO BRASIL";2009-05-01;0
"936";"V. FUNDO SOBERANO DO BRASIL";2009-06-01;0
"937";"V. FUNDO SOBERANO DO BRASIL";2009-07-01;0
"938";"V. FUNDO SOBERANO DO BRASIL";2009-08-01;0
"939";"V. FUNDO SOBERANO DO BRASIL";2009-09-01;0
"940";"V. FUNDO SOBERANO DO BRASIL";2009-10-01;0
"941";"V. FUNDO SOBERANO DO BRASIL";2009-11-01;0
"942";"V. FUNDO SOBERANO DO BRASIL";2009-12-01;0
"943";"V. FUNDO SOBERANO DO BRASIL";2010-01-01;0
"944";"V. FUNDO SOBERANO DO BRASIL";2010-02-01;0
"945";"V. FUNDO SOBERANO DO BRASIL";2010-03-01;0
"946";"V. FUNDO SOBERANO DO BRASIL";2010-04-01;0
"947";"V. FUNDO SOBERANO DO BRASIL";2010-05-01;0
"948";"V. FUNDO SOBERANO DO BRASIL";2010-06-01;0
"949";"V. FUNDO SOBERANO DO BRASIL";2010-07-01;0
"950";"V. FUNDO SOBERANO DO BRASIL";2010-08-01;0
"951";"V. FUNDO SOBERANO DO BRASIL";2010-09-01;0
"952";"V. FUNDO SOBERANO DO BRASIL";2010-10-01;0
"953";"V. FUNDO SOBERANO DO BRASIL";2010-11-01;0
"954";"V. FUNDO SOBERANO DO BRASIL";2010-12-01;0
"955";"V. FUNDO SOBERANO DO BRASIL";2011-01-01;0
"956";"V. FUNDO SOBERANO DO BRASIL";2011-02-01;0
"957";"V. FUNDO SOBERANO DO BRASIL";2011-03-01;0
"958";"V. FUNDO SOBERANO DO BRASIL";2011-04-01;0
"959";"V. FUNDO SOBERANO DO BRASIL";2011-05-01;0
"960";"V. FUNDO SOBERANO DO BRASIL";2011-06-01;0
"961";"V. FUNDO SOBERANO DO BRASIL";2011-07-01;0
"962";"V. FUNDO SOBERANO DO BRASIL";2011-08-01;0
"963";"V. FUNDO SOBERANO DO BRASIL";2011-09-01;0
"964";"V. FUNDO SOBERANO DO BRASIL";2011-10-01;0
"965";"V. FUNDO SOBERANO DO BRASIL";2011-11-01;0
"966";"V. FUNDO SOBERANO DO BRASIL";2011-12-01;0
"967";"V. FUNDO SOBERANO DO BRASIL";2012-01-01;0
"968";"V. FUNDO SOBERANO DO BRASIL";2012-02-01;0
"969";"V. FUNDO SOBERANO DO BRASIL";2012-03-01;0
"970";"V. FUNDO SOBERANO DO BRASIL";2012-04-01;0
"971";"V. FUNDO SOBERANO DO BRASIL";2012-05-01;0
"972";"V. FUNDO SOBERANO DO BRASIL";2012-06-01;0
"973";"V. FUNDO SOBERANO DO BRASIL";2012-07-01;0
"974";"V. FUNDO SOBERANO DO BRASIL";2012-08-01;0
"975";"V. FUNDO SOBERANO DO BRASIL";2012-09-01;0
"976";"V. FUNDO SOBERANO DO BRASIL";2012-10-01;0
"977";"V. FUNDO SOBERANO DO BRASIL";2012-11-01;0
"978";"V. FUNDO SOBERANO DO BRASIL";2012-12-01;12400
"979";"V. FUNDO SOBERANO DO BRASIL";2013-01-01;0
"980";"V. FUNDO SOBERANO DO BRASIL";2013-02-01;0
"981";"V. FUNDO SOBERANO DO BRASIL";2013-03-01;0
"982";"V. FUNDO SOBERANO DO BRASIL";2013-04-01;0
"983";"V. FUNDO SOBERANO DO BRASIL";2013-05-01;0
"984";"V. FUNDO SOBERANO DO BRASIL";2013-06-01;0
"985";"V. FUNDO SOBERANO DO BRASIL";2013-07-01;0
"986";"V. FUNDO SOBERANO DO BRASIL";2013-08-01;0
"987";"V. FUNDO SOBERANO DO BRASIL";2013-09-01;0
"988";"V. FUNDO SOBERANO DO BRASIL";2013-10-01;0
"989";"V. FUNDO SOBERANO DO BRASIL";2013-11-01;0
"990";"V. FUNDO SOBERANO DO BRASIL";2013-12-01;0
"991";"V. FUNDO SOBERANO DO BRASIL";2014-01-01;0
"992";"V. FUNDO SOBERANO DO BRASIL";2014-02-01;0
"993";"V. FUNDO SOBERANO DO BRASIL";2014-03-01;0
"994";"V. FUNDO SOBERANO DO BRASIL";2014-04-01;0
"995";"V. FUNDO SOBERANO DO BRASIL";2014-05-01;0
"996";"V. FUNDO SOBERANO DO BRASIL";2014-06-01;0
"997";"V. FUNDO SOBERANO DO BRASIL";2014-07-01;0
"998";"V. FUNDO SOBERANO DO BRASIL";2014-08-01;0
"999";"V. FUNDO SOBERANO DO BRASIL";2014-09-01;0
"1000";"V. FUNDO SOBERANO DO BRASIL";2014-10-01;0
"1001";"V. FUNDO SOBERANO DO BRASIL";2014-11-01;0
"1002";"V. FUNDO SOBERANO DO BRASIL";2014-12-01;0
"1003";"V. FUNDO SOBERANO DO BRASIL";2015-01-01;0
"1004";"V. FUNDO SOBERANO DO BRASIL";2015-02-01;0
"1005";"V. FUNDO SOBERANO DO BRASIL";2015-03-01;0
"1006";"V. FUNDO SOBERANO DO BRASIL";2015-04-01;0
"1007";"V. FUNDO SOBERANO DO BRASIL";2015-05-01;0
"1008";"V. FUNDO SOBERANO DO BRASIL";2015-06-01;0
"1009";"V. FUNDO SOBERANO DO BRASIL";2015-07-01;0
"1010";"V. FUNDO SOBERANO DO BRASIL";2015-08-01;0
"1011";"V. FUNDO SOBERANO DO BRASIL";2015-09-01;0
"1012";"V. FUNDO SOBERANO DO BRASIL";2015-10-01;0
"1013";"V. FUNDO SOBERANO DO BRASIL";2015-11-01;0
"1014";"V. FUNDO SOBERANO DO BRASIL";2015-12-01;855
"1015";"V. FUNDO SOBERANO DO BRASIL";2016-01-01;0
"1016";"V. FUNDO SOBERANO DO BRASIL";2016-02-01;0
"1017";"V. FUNDO SOBERANO DO BRASIL";2016-03-01;0
"1018";"V. FUNDO SOBERANO DO BRASIL";2016-04-01;0
"1019";"V. FUNDO SOBERANO DO BRASIL";2016-05-01;0
"1020";"V. FUNDO SOBERANO DO BRASIL";2016-06-01;0
"1021";"V. FUNDO SOBERANO DO BRASIL";2016-07-01;0
"1022";"V. FUNDO SOBERANO DO BRASIL";2016-08-01;0
"1023";"V. FUNDO SOBERANO DO BRASIL";2016-09-01;0
"1024";"V. FUNDO SOBERANO DO BRASIL";2016-10-01;0
"1025";"V. FUNDO SOBERANO DO BRASIL";2016-11-01;0
"1026";"V. FUNDO SOBERANO DO BRASIL";2016-12-01;0
"1027";"V. FUNDO SOBERANO DO BRASIL";2017-01-01;0
"1028";"V. FUNDO SOBERANO DO BRASIL";2017-02-01;0
"1029";"V. FUNDO SOBERANO DO BRASIL";2017-03-01;0
"1030";"V. FUNDO SOBERANO DO BRASIL";2017-04-01;0
"1031";"V. FUNDO SOBERANO DO BRASIL";2017-05-01;0
"1032";"V. FUNDO SOBERANO DO BRASIL";2017-06-01;0
"1033";"V. FUNDO SOBERANO DO BRASIL";2017-07-01;0
"1034";"V. FUNDO SOBERANO DO BRASIL";2017-08-01;0
"1035";"V. FUNDO SOBERANO DO BRASIL";2017-09-01;0
"1036";"V. FUNDO SOBERANO DO BRASIL";2017-10-01;0
"1037";"V. FUNDO SOBERANO DO BRASIL";2017-11-01;0
"1038";"V. FUNDO SOBERANO DO BRASIL";2017-12-01;0
"1039";"V. FUNDO SOBERANO DO BRASIL";2018-01-01;0
"1040";"V. FUNDO SOBERANO DO BRASIL";2018-02-01;0
"1041";"V. FUNDO SOBERANO DO BRASIL";2018-03-01;0
"1042";"V. FUNDO SOBERANO DO BRASIL";2018-04-01;0
"1043";"V. FUNDO SOBERANO DO BRASIL";2018-05-01;3500
"1044";"V. FUNDO SOBERANO DO BRASIL";2018-06-01;520,97503544
"1045";"V. FUNDO SOBERANO DO BRASIL";2018-07-01;0
"1046";"V. FUNDO SOBERANO DO BRASIL";2018-08-01;0
"1047";"V. FUNDO SOBERANO DO BRASIL";2018-09-01;0
"1048";"V. FUNDO SOBERANO DO BRASIL";2018-10-01;0
